name,mw,carbon_fraction,gamma,C,N,P,S,K,Mg,Ca,Fe,Zn,Mn,Cu,Mo,Co,Ni,B,H,O,Na,Cl
"Ammonium chloride, NH4Cl",53.489,0.0,0,0,1,0,0,0,0,0,0,0,0,0,0,0,0,0,4,0,0,1
"Ammonium sulfate, (NH4)2SO4",132.134,0.0,0,0,2,0,1,0,0,0,0,0,0,0,0,0,0,0,8,4,0,0
"Diammonium hydrogen phosphate, (NH4)2HPO4",132.056,0.0,0,0,2,1,0,0,0,0,0,0,0,0,0,0,0,0,9,4,0,0
"Ammonium dihydrogen phosphate, NH4H2PO4",115.025,0.0,0,0,1,1,0,0,0,0,0,0,0,0,0,0,0,0,6,4,0,0
"Sodium nitrate, NaNO3",84.994,0.0,-8,0,1,0,0,0,0,0,0,0,0,0,0,0,0,0,0,3,1,0
"Potassium nitrate, KNO3",101.102,0.0,-8,0,1,0,0,1,0,0,0,0,0,0,0,0,0,0,0,3,0,0
"Urea, CO(NH2)2",60.056,0.199997,0,1,2,0,0,0,0,0,0,0,0,0,0,0,0,0,4,1,0,0
"Dipotassium hydrogen phosphate, K2HPO4",174.174,0.0,0,0,0,1,0,2,0,0,0,0,0,0,0,0,0,0,1,4,0,0
"Potassium dihydrogen phosphate, KH2PO4",136.084,0.0,0,0,0,1,0,1,0,0,0,0,0,0,0,0,0,0,2,4,0,0
"Tripotassium phosphate, K3PO4",212.264,0.0,0,0,0,1,0,3,0,0,0,0,0,0,0,0,0,0,0,4,0,0
"Disodium hydrogen phosphate, Na2HPO4",141.958,0.0,0,0,0,1,0,0,0,0,0,0,0,0,0,0,0,0,1,4,2,0
"Sodium dihydrogen phosphate, NaH2PO4",119.976,0.0,0,0,0,1,0,0,0,0,0,0,0,0,0,0,0,0,2,4,1,0
"Disodium hydrogen phosphate dihydrate, Na2HPO4.2H2O",177.988,0.0,0,0,0,1,0,0,0,0,0,0,0,0,0,0,0,0,5,6,2,0
"Potassium sulfate, K2SO4",174.252,0.0,0,0,0,0,1,2,0,0,0,0,0,0,0,0,0,0,0,4,0,0
"Sodium sulfate, Na2SO4",142.036,0.0,0,0,0,0,1,0,0,0,0,0,0,0,0,0,0,0,0,4,2,0
"Potassium chloride, KCl",74.548,0.0,0,0,0,0,0,1,0,0,0,0,0,0,0,0,0,0,0,0,0,1
"Sodium chloride, NaCl",58.44,0.0,0,0,0,0,0,0,0,0,0,0,0,0,0,0,0,0,0,0,1,1
"Sodium hydrogen carbonate, NaHCO3",84.006,0.142978,0,1,0,0,0,0,0,0,0,0,0,0,0,0,0,0,1,3,1,0
"Magnesium sulfate heptahydrate, MgSO4.7H2O",246.466,0.0,0,0,0,0,1,0,1,0,0,0,0,0,0,0,0,0,14,11,0,0
"Magnesium sulfate anhydrous, MgSO4",120.361,0.0,0,0,0,0,1,0,1,0,0,0,0,0,0,0,0,0,0,4,0,0
"Magnesium chloride hexahydrate, MgCl2.6H2O",203.295,0.0,0,0,0,0,0,0,1,0,0,0,0,0,0,0,0,0,12,6,0,2
"Calcium chloride anhydrous, CaCl2",110.978,0.0,0,0,0,0,0,0,0,1,0,0,0,0,0,0,0,0,0,0,0,2
"Calcium chloride dihydrate, CaCl2.2H2O",147.008,0.0,0,0,0,0,0,0,0,1,0,0,0,0,0,0,0,0,4,2,0,2
"Iron(II) sulfate heptahydrate, FeSO4.7H2O",278.006,0.0,-2,0,0,0,1,0,0,0,1,0,0,0,0,0,0,0,14,11,0,0
"Iron(III) chloride hexahydrate, FeCl3.6H2O",270.285,0.0,-3,0,0,0,0,0,0,0,1,0,0,0,0,0,0,0,12,6,0,3
"Iron(II) chloride tetrahydrate, FeCl2.4H2O",198.805,0.0,-2,0,0,0,0,0,0,0,1,0,0,0,0,0,0,0,8,4,0,2
"Iron(III) citrate, C6H5FeO7",244.944,0.294214,15,6,0,0,0,0,0,0,1,0,0,0,0,0,0,0,5,7,0,0
"Zinc sulfate heptahydrate, ZnSO4.7H2O",287.541,0.0,-2,0,0,0,1,0,0,0,0,1,0,0,0,0,0,0,14,11,0,0
"Zinc chloride, ZnCl2",136.28,0.0,-2,0,0,0,0,0,0,0,0,1,0,0,0,0,0,0,0,0,0,2
"Manganese(II) sulfate monohydrate, MnSO4.H2O",169.009,0.0,-2,0,0,0,1,0,0,0,0,0,1,0,0,0,0,0,2,5,0,0
"Manganese(II) sulfate tetrahydrate, MnSO4.4H2O",223.054,0.0,-2,0,0,0,1,0,0,0,0,0,1,0,0,0,0,0,8,8,0,0
"Manganese(II) chloride tetrahydrate, MnCl2.4H2O",197.898,0.0,-2,0,0,0,0,0,0,0,0,0,1,0,0,0,0,0,8,4,0,2
"Copper(II) sulfate pentahydrate, CuSO4.5H2O",249.677,0.0,-2,0,0,0,1,0,0,0,0,0,0,1,0,0,0,0,10,9,0,0
"Sodium molybdate dihydrate, Na2MoO4.2H2O",241.956,0.0,-6,0,0,0,0,0,0,0,0,0,0,0,1,0,0,0,4,6,2,0
"Ammonium heptamolybdate tetrahydrate, (NH4)6Mo7O24.4H2O",1235.92,0.0,-42,0,6,0,0,0,0,0,0,0,0,0,7,0,0,0,32,28,0,0
"Cobalt(II) chloride hexahydrate, CoCl2.6H2O",237.923,0.0,-2,0,0,0,0,0,0,0,0,0,0,0,0,1,0,0,12,6,0,2
"Cobalt(II) nitrate hexahydrate, Co(NO3)2.6H2O",291.031,0.0,-18,0,2,0,0,0,0,0,0,0,0,0,0,1,0,0,12,12,0,0
"Nickel(II) chloride hexahydrate, NiCl2.6H2O",237.683,0.0,-2,0,0,0,0,0,0,0,0,0,0,0,0,0,1,0,12,6,0,2
"Nickel(II) sulfate hexahydrate, NiSO4.6H2O",262.839,0.0,-2,0,0,0,1,0,0,0,0,0,0,0,0,0,1,0,12,10,0,0
"Boric acid, H3BO3",61.831,0.0,-3,0,0,0,0,0,0,0,0,0,0,0,0,0,0,1,3,3,0,0
"Sodium tetraborate decahydrate, Na2B4O7.10H2O",381.363,0.0,-12,0,0,0,0,0,0,0,0,0,0,0,0,0,0,4,20,17,2,0
"Sodium tetraborate anhydrous, Na2B4O7",201.213,0.0,-12,0,0,0,0,0,0,0,0,0,0,0,0,0,0,4,0,7,2,0
"EDTA disodium salt dihydrate, C10H14N2Na2O8.2H2O",372.238,0.32267,34,10,2,0,0,0,0,0,0,0,0,0,0,0,0,0,18,10,2,0
"Tricine, C6H13NO5",179.172,0.402217,24,6,1,0,0,0,0,0,0,0,0,0,0,0,0,0,13,5,0,0
"Citric acid anhydrous, C6H8O7",192.123,0.375103,18,6,0,0,0,0,0,0,0,0,0,0,0,0,0,0,8,7,0,0
"Trisodium citrate dihydrate, C6H5Na3O7.2H2O",294.099,0.24504,18,6,0,0,0,0,0,0,0,0,0,0,0,0,0,0,9,9,3,0
"Glucose anhydrous, C6H12O6",180.156,0.40002,24,6,0,0,0,0,0,0,0,0,0,0,0,0,0,0,12,6,0,0
"Glucose monohydrate, C6H12O6.H2O",198.171,0.363656,24,6,0,0,0,0,0,0,0,0,0,0,0,0,0,0,14,7,0,0
"Glycerol, C3H8O3",92.094,0.391263,14,3,0,0,0,0,0,0,0,0,0,0,0,0,0,0,8,3,0,0
"Methanol, CH4O",32.042,0.374852,6,1,0,0,0,0,0,0,0,0,0,0,0,0,0,0,4,1,0,0
"Ethanol, C2H6O",46.069,0.521435,12,2,0,0,0,0,0,0,0,0,0,0,0,0,0,0,6,1,0,0
"Sucrose, C12H22O11",342.297,0.421073,48,12,0,0,0,0,0,0,0,0,0,0,0,0,0,0,22,11,0,0
"Lactose monohydrate, C12H22O11.H2O",360.312,0.40002,48,12,0,0,0,0,0,0,0,0,0,0,0,0,0,0,24,12,0,0
"Xylose, C5H10O5",150.13,0.40002,20,5,0,0,0,0,0,0,0,0,0,0,0,0,0,0,10,5,0,0
"Sorbitol, C6H14O6",182.172,0.395593,26,6,0,0,0,0,0,0,0,0,0,0,0,0,0,0,14,6,0,0
"Acetic acid, C2H4O2",60.052,0.40002,8,2,0,0,0,0,0,0,0,0,0,0,0,0,0,0,4,2,0,0
"Sodium acetate anhydrous, C2H3NaO2",82.034,0.29283,8,2,0,0,0,0,0,0,0,0,0,0,0,0,0,0,3,2,1,0
"Sodium acetate trihydrate, C2H3NaO2.3H2O",136.079,0.17653,8,2,0,0,0,0,0,0,0,0,0,0,0,0,0,0,9,5,1,0
"Phosphoric acid, H3PO4",97.994,0.0,0,0,0,1,0,0,0,0,0,0,0,0,0,0,0,0,3,4,0,0
"Sulfuric acid, H2SO4",98.072,0.0,0,0,0,0,1,0,0,0,0,0,0,0,0,0,0,0,2,4,0,0
"Hydrochloric acid, HCl",36.458,0.0,0,0,0,0,0,0,0,0,0,0,0,0,0,0,0,0,1,0,0,1
"Sodium hydroxide, NaOH",39.997,0.0,0,0,0,0,0,0,0,0,0,0,0,0,0,0,0,0,1,1,1,0
"Potassium hydroxide, KOH",56.105,0.0,0,0,0,0,0,1,0,0,0,0,0,0,0,0,0,0,1,1,0,0
"Ammonium hydroxide, NH4OH (NH3.H2O)",35.046,0.0,0,0,1,0,0,0,0,0,0,0,0,0,0,0,0,0,5,1,0,0
"Ammonia, NH3",17.031,0.0,0,0,1,0,0,0,0,0,0,0,0,0,0,0,0,0,3,0,0,0
"Lactic acid, C3H6O3",90.078,0.40002,12,3,0,0,0,0,0,0,0,0,0,0,0,0,0,0,6,3,0,0
"Polyhydroxybutyrate PHB (monomer unit), C4H6O2",86.09,0.558067,18,4,0,0,0,0,0,0,0,0,0,0,0,0,0,0,6,2,0,0
"Succinic acid, C4H6O4",118.088,0.406849,14,4,0,0,0,0,0,0,0,0,0,0,0,0,0,0,6,4,0,0
"Itaconic acid, C5H6O4",130.099,0.46161,18,5,0,0,0,0,0,0,0,0,0,0,0,0,0,0,6,4,0,0
"Mono-rhamnolipid Rha-C10-C10, C26H48O9",504.661,0.618804,134,26,0,0,0,0,0,0,0,0,0,0,0,0,0,0,48,9,0,0
"Di-rhamnolipid Rha2-C10-C10, C32H58O13",650.803,0.590581,160,32,0,0,0,0,0,0,0,0,0,0,0,0,0,0,58,13,0,0
"Penicillin G, C16H18N2O4S",334.39,0.574706,74,16,2,0,1,0,0,0,0,0,0,0,0,0,0,0,18,4,0,0
"Poly(3-hydroxybutyrate-co-3-hydroxyvalerate) PHBV (monomer unit), C4H8O2",86.79,0.560486,18.3,4.05,0,0,0,0,0,0,0,0,0,0,0,0,0,0,6.1,2,0,0
"3-Hydroxybutyric acid, C4H8O3",104.105,0.461496,18,4,0,0,0,0,0,0,0,0,0,0,0,0,0,0,8,3,0,0
